crypto,CoinMarketCap link,Coin link,Explorers,Whitepaper,Community,Source code,Chat,tag
bitcoin,https://coinmarketcap.com/currencies/bitcoin/price-estimates/,https://bitcoin.org/,"https://blockchain.coinmarketcap.com/chain/bitcoin, https://blockchain.info/, https://live.blockcypher.com/btc/, https://blockchair.com/bitcoin, https://explorer.viabtc.com/btc",https://bitcoin.org/bitcoin.pdf,"https://bitcointalk.org/, https://reddit.com/r/bitcoin",https://github.com/bitcoin/bitcoin,,"{'Algorithm': ['PoW', 'SHA-256'], 'Category': ['Store Of Value', 'State Channel', 'Coinbase Ventures Portfolio', 'Three Arrows Capital Portfolio', 'Polychain Capital Portfolio', 'Binance Labs Portfolio', 'Blockchain Capital Portfolio', 'BoostVC Portfolio', 'CMS Holdings Portfolio', 'DCG Portfolio', 'DragonFly Capital Portfolio', 'Electric Capital Portfolio', 'Fabric Ventures Portfolio', 'Framework Ventures Portfolio', 'Galaxy Digital Portfolio', 'Huobi Capital Portfolio', 'Alameda Research Portfolio', 'a16z Portfolio', '1Confirmation Portfolio', 'Winklevoss Capital Portfolio', 'USV Portfolio', 'Placeholder Ventures Portfolio', 'Pantera Capital Portfolio', 'Multicoin Capital Portfolio', 'Paradigm Portfolio'], 'Others': ['Mineable']}"
ethereum,https://coinmarketcap.com/currencies/ethereum/price-estimates/,,"https://etherscan.io/, https://ethplorer.io/, https://blockchair.com/ethereum, https://bscscan.com/token/0x2170ed0880ac9a755fd29b2688956bd959f933f8, https://eth.tokenview.com/en/blocklist",https://github.com/ethereum/wiki/wiki/White-Paper,"https://bitcointalk.org/index.php?topic=428589.0, https://forum.ethereum.org/, https://ethresear.ch/, https://twitter.com/ethereum, https://reddit.com/r/ethereum",https://github.com/ethereum/go-ethereum,https://gitter.im/orgs/ethereum/rooms,"{'Algorithm': ['PoW'], 'Category': ['Smart Contracts', 'Coinbase Ventures Portfolio', 'Three Arrows Capital Portfolio', 'Polychain Capital Portfolio', 'Binance Labs Portfolio', 'Blockchain Capital Portfolio', 'BoostVC Portfolio', 'CMS Holdings Portfolio', 'DCG Portfolio', 'DragonFly Capital Portfolio', 'Electric Capital Portfolio', 'Fabric Ventures Portfolio', 'Framework Ventures Portfolio', 'Hashkey Capital Portfolio', 'Kenetic Capital Portfolio', 'Huobi Capital Portfolio', 'Alameda Research Portfolio', 'a16z Portfolio', '1Confirmation Portfolio', 'Winklevoss Capital Portfolio', 'USV Portfolio', 'Placeholder Ventures Portfolio', 'Pantera Capital Portfolio', 'Multicoin Capital Portfolio', 'Paradigm Portfolio'], 'Others': ['Mineable'], 'Platform': ['Ethereum Ecosystem', 'Injective Ecosystem', 'BNB Chain']}"
bnb,https://coinmarketcap.com/currencies/bnb/price-estimates/,https://www.binance.com/,"https://explorer.binance.org/, https://etherscan.io/token/0xB8c77482e45F1F44dE1745F52C74426C631bDD52, https://bscscan.com/token/0xbb4CdB9CBd36B01bD1cBaEBF2De08d9173bc095c, https://blockchair.com/ethereum/erc-20/token/0xb8c77482e45f1f44de1745f52c74426c631bdd52",,"https://twitter.com/binance, https://reddit.com/r/binance",https://github.com/binance-exchange/binance-official-api-docs,https://t.me/binanceexchange,"{'Category': ['Centralized Exchange', 'Smart Contracts', 'Alameda Research Portfolio', 'Multicoin Capital Portfolio', 'Moonriver Ecosystem'], 'Industry': ['Marketplace', 'Payments'], 'Platform': ['BNB Chain']}"
tether,https://coinmarketcap.com/currencies/tether/price-estimates/,https://tether.to/,"https://www.omniexplorer.info/asset/31, https://etherscan.io/token/0xdac17f958d2ee523a2206206994597c13d831ec7, https://algoexplorer.io/asset/312769, https://tronscan.org/#/token20/TR7NHqjeKQxGTCi8q8ZY4pL8otSzgjLj6t, https://bscscan.com/token/0x55d398326f99059ff775485246999027b3197955",https://tether.to/wp-content/uploads/2016/06/TetherWhitePaper.pdf,https://twitter.com/tether_to,,https://t.me/OfficialTether,"{'Category': ['Stablecoin', 'Asset-Backed Stablecoin', 'Moonriver Ecosystem', 'USD Stablecoin'], 'Industry': ['Payments'], 'Platform': ['Avalanche Ecosystem', 'Solana Ecosystem', 'Arbitrum Ecosystem', 'Injective Ecosystem', 'BNB Chain']}"
solana,https://coinmarketcap.com/currencies/solana/price-estimates/,https://solana.com/,"https://explorer.solana.com/, https://solanabeach.io/, https://solana.fm/",https://solana.com/solana-whitepaper.pdf,"https://medium.com/solana-labs, https://forums.solana.com/, https://twitter.com/solana, https://reddit.com/r/solana",https://github.com/solana-labs,"https://discord.gg/Rz737rP, https://t.me/solana","{'Algorithm': ['PoS'], 'Category': ['Platform', 'CMS Holdings Portfolio', 'Kenetic Capital Portfolio', 'Alameda Research Portfolio', 'Multicoin Capital Portfolio', 'OKEx Blockdream Ventures Portfolio'], 'Platform': ['Solana Ecosystem']}"
cardano,https://coinmarketcap.com/currencies/cardano/price-estimates/,https://www.cardano.org/,"https://explorer.cardano.org/, https://cardanoscan.io/, https://blockchair.com/cardano, https://bscscan.com/token/0x3ee2200efb3400fabb9aacf31297cbdd1d435d47, https://ada.tokenview.com/en",https://docs.cardano.org/en/latest/,"https://t.me/CardanoAnnouncements, https://medium.com/feed/cardanorss, https://forum.cardano.org/, https://twitter.com/cardano, https://reddit.com/r/cardano",https://cardanoupdates.com/,https://t.me/Cardano,"{'Algorithm': ['DPoS', 'PoS'], 'Category': ['Platform', 'Smart Contracts', 'Staking', 'Cardano Ecosystem'], 'Industry': ['Research'], 'Others': ['Mineable'], 'Platform': ['Cardano', 'BNB Chain'], 'Self-Reported Tags': ['Communications &amp; Social Media']}"
xrp,https://coinmarketcap.com/currencies/xrp/price-estimates/,https://xrpl.org/,"https://xrpcharts.ripple.com/#/graph/, https://bithomp.com/explorer/, https://xrpscan.com/, https://blockchair.com/ripple, https://bscscan.com/token/0x1d2f0da169ceb9fc7b3144628db156f3f6c60dbe",https://ripple.com/files/ripple_consensus_whitepaper.pdf,"http://www.xrpchat.com/, https://twitter.com/Ripple, https://reddit.com/r/ripple",https://github.com/ripple/rippled,,"{'Category': ['Arrington XRP Capital Portfolio', 'Galaxy Digital Portfolio', 'a16z Portfolio', 'Pantera Capital Portfolio'], 'Industry': ['Medium of Exchange', 'Enterprise Solutions'], 'Platform': ['Binance Chain']}"
polkadot-new,https://coinmarketcap.com/currencies/polkadot-new/price-estimates/,https://polkadot.network/,"http://polkascan.io/, https://polkadot-cc1.subscan.io/, https://polkastats.io/, https://hubble.figment.io/polkadot/chains/polkadot, https://bscscan.com/token/0x7083609fce4d1d8dc0c979aab8c869ea2c873402",https://polkadot.network/PolkaDotPaper.pdf,"https://medium.com/polkadot-network, https://twitter.com/Polkadot, https://reddit.com/r/dot",https://github.com/paritytech/polkadot,https://t.me/PolkadotOfficial,"{'Category': ['Substrate', 'Three Arrows Capital Portfolio', 'Polychain Capital Portfolio', 'Arrington XRP Capital Portfolio', 'Blockchain Capital Portfolio', 'BoostVC Portfolio', 'CMS Holdings Portfolio', 'Coinfund Portfolio', 'Fabric Ventures Portfolio', 'Fenbushi Capital Portfolio', 'Hashkey Capital Portfolio', 'Kenetic Capital Portfolio', '1Confirmation Portfolio', 'Placeholder Ventures Portfolio', 'Pantera Capital Portfolio', 'Exnetwork Capital Portfolio', 'Spartan Group'], 'Industry': ['Web3'], 'Platform': ['Polkadot', 'Binance Chain', 'Polkadot Ecosystem', 'Injective Ecosystem', 'BNB Chain']}"
dogecoin,https://coinmarketcap.com/currencies/dogecoin/price-estimates/,http://dogecoin.com/,"https://blockchair.com/dogecoin, http://dogechain.info/chain/Dogecoin, https://doge.tokenview.com/, https://explorer.viabtc.com/doge, https://bscscan.com/token/0xba2ae424d960c26247dd6c32edc70b295c744c43",https://github.com/dogecoin/dogecoin/blob/master/README.md,"https://bitcointalk.org/index.php?topic=361813.0, https://twitter.com/dogecoin, https://reddit.com/r/dogecoin",https://github.com/dogecoin/dogecoin,http://webchat.freenode.net/?nick=Shibe..&channels=%23dogecoin&prompt=1,"{'Algorithm': ['PoW', 'Scrypt'], 'Category': ['Doggone Doggerel'], 'Industry': ['Medium of Exchange', 'Memes', 'Payments'], 'Others': ['Mineable'], 'Platform': ['BNB Chain']}"
usd-coin,https://coinmarketcap.com/currencies/usd-coin/price-estimates/,https://www.centre.io/usdc,"https://etherscan.io/token/0xa0b86991c6218b36c1d19d4a2e9eb0ce3606eb48, https://explorer.solana.com/address/EPjFWdd5AufqSSqeM2qN1xzybapC8G4wEGGkZwyTDt1v, https://tronscan.org/#/token20/TEkxiTehnzSmSe2XqrBj4w32RUN966rdz8, https://bscscan.com/token/0x8ac76a51cc950d9822d68b83fe1ad97b32cd580d, https://ftmscan.com/token/0x04068DA6C83AFCFA0e13ba15A6696662335D5B75",https://f.hubspotusercontent30.net/hubfs/9304636/PDF/centre-whitepaper.pdf,"https://blog.circle.com/2018/09/26/introducing-usd-coin/, https://medium.com/centre-blog",https://github.com/centrehq/centre-tokens,,"{'Category': ['Stablecoin', 'Asset-Backed Stablecoin', 'Moonriver Ecosystem', 'USD Stablecoin'], 'Industry': ['Medium of Exchange'], 'Platform': ['Fantom Ecosystem', 'Arbitrum Ecosystem', 'BNB Chain']}"
shiba-inu,https://coinmarketcap.com/currencies/shiba-inu/price-estimates/,https://shibatoken.com/,"https://etherscan.io/token/0x95ad61b0a150d79219dcf64e1e6cc01f0b64c4ce, https://solscan.io/token/CiKu4eHsVrc1eueVQeHn7qhXTcVu95gSQmBpX4utjL9z, https://bscscan.com/token/0xb1547683DA678f2e1F003A780143EC10Af8a832B, https://finder.terra.money/mainnet/address/terra1huku2lecfjhq9d00k5a8dh73gw7dwe6vvuf2dd",https://github.com/shytoshikusama/woofwoofpaper/raw/main/SHIBA_INU_WOOF_WOOF.pdf,"https://medium.com/@allhailtheshiba/all-hail-the-shiba-an-experiment-in-decentralization-87e3792e92f2, https://twitter.com/shibtoken, https://reddit.com/r/SHIBArmy",,"http://t.me/shibainuthedogecoinkiller, https://discord.com/invite/shibatoken","['Memes', 'Ethereum Ecosystem', 'Doggone Doggerel']"
terra-luna,https://coinmarketcap.com/currencies/terra-luna/price-estimates/,https://terra.money/,"https://finder.terra.money/, https://terra.stake.id/#/, https://hubble.figment.network/terra/chains/columbus-3, https://solscan.io/token/F6v4wfAdJB8D8p77bMXZgYt8TDKsYxLYxH5AFhUkYx9W, https://etherscan.io/token/0xbd31ea8212119f94a611fa969881cba3ea06fa3d",https://docs.terra.money/,"https://medium.com/terra-money, https://twitter.com/terra_money, https://reddit.com/r/terraluna",https://github.com/terra-money/core,"https://t.me/TerraLunaChat, https://discord.com/invite/terra-money","{'Category': ['Store Of Value', 'DeFi', 'Coinbase Ventures Portfolio', 'Binance Labs Portfolio', 'Arrington XRP Capital Portfolio', 'Hashkey Capital Portfolio', 'Kenetic Capital Portfolio', 'Huobi Capital Portfolio', 'Pantera Capital Portfolio', 'Terra Ecosystem'], 'Industry': ['Cosmos Ecosystem', 'Payments'], 'Platform': ['Solana Ecosystem']}"
avalanche,https://coinmarketcap.com/currencies/avalanche/price-estimates/,,"https://snowtrace.io/, https://avascan.info/blockchain/x/asset/FvwEAhmxKfeiG8SnEvq42hc6whRyY3EFYAvebMqDNDGCgxN5Z, https://explorer.avax.network/",https://www.avalabs.org/whitepapers,"https://medium.com/avalancheavax, https://forum.avax.network/, https://twitter.com/AvalancheAVAX, https://reddit.com/r/Avax",https://github.com/ava-labs/avalanchego,"https://t.me/avalancheavax, https://chat.avax.network/","{'Category': ['DeFi', 'Smart Contracts', 'Polychain Capital Portfolio', 'CMS Holdings Portfolio', 'DragonFly Capital Portfolio', 'Moonriver Ecosystem'], 'Platform': ['Avalanche Ecosystem', 'Injective Ecosystem', 'BNB Chain'], 'Self-Reported Tags': ['PoS', 'Art', 'Government', 'Health', 'Platform', 'Sports', 'Enterprise Solutions', 'Gaming', 'Identity', 'Interoperability', 'Music', 'Payments', 'Scaling', 'Staking']}"
litecoin,https://coinmarketcap.com/currencies/litecoin/price-estimates/,https://litecoin.org/,"https://blockchair.com/litecoin, https://chainz.cryptoid.info/ltc/, http://explorer.litecoin.net/chain/Litecoin, https://ltc.tokenview.com/en, https://bscscan.com/token/0x4338665cbb7b2485a8855a139b75d5e34ab0db94",,"https://bitcointalk.org/index.php?topic=47417.0, https://litecointalk.io/, https://litecoin-foundation.org/, https://twitter.com/LitecoinProject, https://reddit.com/r/litecoin",https://github.com/litecoin-project/litecoin,https://telegram.me/litecoin,"{'Algorithm': ['PoW', 'Scrypt'], 'Industry': ['Medium of Exchange'], 'Others': ['Mineable'], 'Platform': ['Binance Chain', 'BNB Chain']}"
chainlink,https://coinmarketcap.com/currencies/chainlink/price-estimates/,,"https://etherscan.io/token/0x514910771af9ca656af840dff83e8264ecf986ca, https://bscscan.com/token/0xf8a0bf9cf54bb92f17374d9e9a321e6a111a51bd, https://explorer.solana.com/address/CWE8jPTUYhdCTZYWPTe1o5DFqfdjzWKc9WKz6rSjQUdG, https://blockscout.com/xdai/mainnet/tokens/0xE2e73A1c69ecF83F464EFCE6A5be353a37cA09b2/token-transfers, https://ftmscan.com/token/0xb3654dc3D10Ea7645f8319668E8F54d2574FBdC8",https://chain.link/whitepaper,"https://medium.com/chainlink, https://blog.chain.link/, https://twitter.com/chainlink, https://reddit.com/r/chainlink",https://github.com/smartcontractkit/chainlink,https://t.me/chainlinkofficial,"{'Category': ['Platform', 'DeFi', 'Oracles', 'Smart Contracts', 'Substrate', 'Framework Ventures Portfolio', 'Cardano Ecosystem', 'Near Protocol Ecosystem'], 'Industry': ['Web3'], 'Platform': ['Polkadot', 'Polkadot Ecosystem', 'Avalanche Ecosystem', 'Solana Ecosystem', 'Polygon Ecosystem', 'Fantom Ecosystem', 'Arbitrum Ecosystem', 'Cardano', 'Injective Ecosystem', 'BNB Chain']}"
uniswap,https://coinmarketcap.com/currencies/uniswap/price-estimates/,,"https://etherscan.io/token/0x1f9840a85d5af5bf1d1762f925bdaddc4201f984, https://ethplorer.io/address/0x1f9840a85d5af5bf1d1762f925bdaddc4201f984, https://bscscan.com/token/0xbf5140a22578168fd562dccf235e5d43a02ce9b1, https://hecoinfo.com/token/0x22c54ce8321a4015740ee1109d9cbc25815c46e6, https://blockscout.com/xdai/mainnet/tokens/0x4537e328bf7e4efa29d05caea260d7fe26af9d74/token-transfers",,"https://uniswap.org/blog/, https://twitter.com/Uniswap, https://reddit.com/r/Uniswap",,https://discord.gg/FCfyBSbCU5,"{'Category': ['Decentralized Exchange', 'DeFi', 'DAO', 'Yield Farming', 'AMM', 'Coinbase Ventures Portfolio', 'Three Arrows Capital Portfolio', 'Governance', 'Blockchain Capital Portfolio', 'DeFiance Capital Portfolio', 'Alameda Research Portfolio', 'a16z Portfolio', 'Pantera Capital Portfolio', 'ParaFi Capital', 'Paradigm Portfolio'], 'Platform': ['Arbitrum Ecosystem', 'Injective Ecosystem', 'BNB Chain']}"
wrapped-bitcoin,https://coinmarketcap.com/currencies/wrapped-bitcoin/price-estimates/,https://wbtc.network/,"https://etherscan.io/token/0x2260fac5e5542a773aa44fbcfedf7c193bc2c599, https://ethplorer.io/address/0x2260fac5e5542a773aa44fbcfedf7c193bc2c599, https://enjinx.io/en-GB/eth/token/0x2260fac5e5542a773aa44fbcfedf7c193bc2c599, https://ftmscan.com/token/0x321162Cd933E2Be498Cd2267a90534A804051b11, https://explorer-mainnet.maticvigil.com/tokens/0x1bfd67037b42cf73acf2047067bd4f2c47d9bfd6/token-transfers",https://www.wbtc.network/assets/wrapped-tokens-whitepaper.pdf,https://twitter.com/WrappedBTC,https://github.com/WrappedBTC/bitcoin-token-smart-contracts,,"{'Category': ['DeFi', 'Moonriver Ecosystem'], 'Industry': ['Medium of Exchange'], 'Platform': ['Wrapped Tokens', 'Fantom Ecosystem', 'Arbitrum Ecosystem']}"
algorand,https://coinmarketcap.com/currencies/algorand/price-estimates/,,"https://algoexplorer.io/, https://algoscan.app/",https://www.algorand.com/resources/white-papers,"https://algorand.foundation/algorand-foundation-marks-new-chapter-in-global-economics-with-inaugural-auction, https://medium.com/algorand-foundation, https://forum.algorand.org/, https://twitter.com/AlgoFoundation, https://reddit.com/r/AlgorandOfficial",https://github.com/algorand/go-algorand,"https://t.me/AlgorandFoundation, https://discord.gg/QBYp7Y2","{'Algorithm': ['PoS'], 'Category': ['Platform', 'Smart Contracts', 'Arrington XRP Capital Portfolio', 'Kenetic Capital Portfolio', 'USV Portfolio', 'Multicoin Capital Portfolio', 'Exnetwork Capital Portfolio'], 'Industry': ['Research']}"
binance-usd,https://coinmarketcap.com/currencies/binance-usd/price-estimates/,,"https://etherscan.io/token/0x4Fabb145d64652a948d72533023f6E7A623C7C53, https://bscscan.com/token/0xe9e7cea3dedca5984780bafc599bd69add087d56, https://explorer.binance.org/asset/BUSD-BD1, https://avascan.info/blockchain/c/token/0x19860CCB0A68fd4213aB9D8266F7bBf05A8dDe98, https://bscscan.com/token/0x035de3679E692C471072d1A09bEb9298fBB2BD31",,"https://www.binance.com/en/blog/376335367507857408/Binance-Partners-with-Paxos-to-Launch-USDBacked-Stablecoin-BUSD, https://medium.com/Paxos, https://twitter.com/PaxosGlobal",https://github.com/paxosglobal/busd-contract,,"{'Category': ['Stablecoin', 'Asset-Backed Stablecoin', 'Harmony Ecosystem', 'Moonriver Ecosystem', 'USD Stablecoin'], 'Platform': ['Binance Chain', 'BNB Chain']}"
bitcoin-cash,https://coinmarketcap.com/currencies/bitcoin-cash/price-estimates/,http://bch.info/,"https://explorer.bitcoin.com/bch, https://blockchair.com/bitcoin-cash, https://bch.tokenview.com/en, https://www.oklink.com/bch, https://bscscan.com/token/0x8ff795a6f4d97e7887c79bea79aba5cc76444adf",,"https://bitcointalk.org/index.php?topic=2040221.0, https://reddit.com/r/Bitcoincash",https://gitlab.com/bitcoin-cash-node/,,"{'Algorithm': ['PoW', 'SHA-256'], 'Category': ['Store Of Value'], 'Industry': ['Marketplace', 'Medium of Exchange', 'Enterprise Solutions', 'Payments'], 'Others': ['Mineable'], 'Platform': ['Binance Chain', 'BNB Chain']}"
polygon,https://coinmarketcap.com/currencies/polygon/price-estimates/,https://polygon.technology/,"https://etherscan.io/token/0x7D1AfA7B718fb893dB30A3aBc0Cfc608AaCfeBB0, https://ethplorer.io/token/0x7D1AfA7B718fb893dB30A3aBc0Cfc608AaCfeBB0, https://explorer.solana.com/address/C7NNPWuZCNjZBfW5p6JvGsR8pUdsRpEdP1ZAhnoDwj7h",https://polygon.technology/papers/,"https://blog.polygon.technology/, https://twitter.com/0xPolygon, https://reddit.com/r/0xPolygon",https://github.com/maticnetwork/contracts,"https://t.me/polygonofficial, https://open.kakao.com/o/gUpfOhmb","{'Category': ['Platform', 'Scaling', 'State Channel', 'Coinbase Ventures Portfolio', 'Binance Launchpad', 'Binance Labs Portfolio', 'Moonriver Ecosystem'], 'Industry': ['Enterprise Solutions'], 'Platform': ['Polygon Ecosystem', 'Injective Ecosystem', 'BNB Chain']}"
vechain,https://coinmarketcap.com/currencies/vechain/price-estimates/,,"https://vechainstats.com/, https://seevechain.com/, https://www.veblocks.net/, https://bscscan.com/token/0x6FDcdfef7c496407cCb0cEC90f9C5Aaa1Cc8D888",https://www.vechain.org/whitepaper/#bit_65sv8,"https://vechainofficial.medium.com/, https://twitter.com/vechainofficial, https://reddit.com/r/vechain",https://github.com/vechain,"https://t.me/vechain_official_english, https://github.com/vechain","{'Category': ['Smart Contracts', 'Fenbushi Capital Portfolio'], 'Industry': ['Logistics', 'Data Provenance', 'IoT'], 'Self-Reported Tags': ['Platform']}"
stellar,https://coinmarketcap.com/currencies/stellar/price-estimates/,https://www.stellar.org/,"https://dashboard.stellar.org/, https://stellar.expert/explorer/public/, https://steexp.com/, https://blockchair.com/stellar",https://www.stellar.org/papers/stellar-consensus-protocol.pdf,"https://bitcointalk.org/index.php?topic=1428573.0, https://stellarcommunity.org/, https://galactictalk.org/, https://twitter.com/StellarOrg, https://reddit.com/r/stellar",https://github.com/stellar/stellar-core,http://slack.stellar.org/,"{'Category': ['Decentralized Exchange', 'Smart Contracts', 'Hashkey Capital Portfolio'], 'Industry': ['Medium of Exchange', 'Enterprise Solutions']}"
crypto-com-coin,https://coinmarketcap.com/currencies/crypto-com-coin/price-estimates/,https://www.crypto.com/en/chain,"https://etherscan.io/token/0xa0b73e1ff0b80914ab6fe0444e65848c4c34450b, https://ethplorer.io/address/0xa0b73e1ff0b80914ab6fe0444e65848c4c34450b, https://blockchair.com/ethereum/erc-20/token/0xa0b73e1ff0b80914ab6fe0444e65848c4c34450b, https://eth.tokenview.com/en/token/0xa0b73e1ff0b80914ab6fe0444e65848c4c34450b, https://crypto.org/explorer/",https://www.crypto.com/images/chain_whitepaper.pdf,"https://blog.crypto.com/, http://medium.com/@crypto.com, https://twitter.com/cryptocom, https://reddit.com/r/Crypto_com",https://github.com/crypto-org-chain/chain-main,"https://t.me/CryptoComOfficial, https://discordapp.com/invite/B6cZahJ","{'Category': ['Centralized Exchange'], 'Industry': ['Medium of Exchange', 'Cosmos Ecosystem', 'Mobile', 'Payments']}"
axie-infinity,https://coinmarketcap.com/currencies/axie-infinity/price-estimates/,https://axieinfinity.com/,"https://etherscan.io/token/0xbb0e17ef65f82ab018d8edd776e8dd940327b28b, https://bscscan.com/token/0x715d400f88c167884bbcc41c5fea407ed4d2f8a0, https://explorer.harmony.one/address/0x14a7b318fed66ffdcc80c1517c172c13852865de, https://solscan.io/account/HysWcbHiYY9888pHbaqhwLYZQeZrcQMXKQWRqS7zcPK5, https://bscscan.com/token/0x556b60c53fbC1518Ad17E03d52E47368dD4d81B3",https://whitepaper.axieinfinity.com/,"https://axieinfinity.medium.com/, https://twitter.com/AxieInfinity, https://reddit.com/r/AxieInfinity",,"https://discord.com/invite/axie, https://t.me/axieinfinity","{'Category': ['Collectibles &amp; NFTs', 'Binance Launchpad', 'Metaverse', 'DeFiance Capital Portfolio', 'Play To Earn', 'Animoca Brands Portfolio'], 'Industry': ['Gaming']}"
internet-computer,https://coinmarketcap.com/currencies/internet-computer/price-estimates/,https://dfinity.org/,https://www.icpexplorer.org/#/,https://dfinity.org/whitepaper.pdf,"https://medium.com/dfinity, https://thereboot.com/, https://twitter.com/dfinity, https://reddit.com/r/dfinity",https://github.com/dfinity,"https://forum.dfinity.org/, https://t.me/DFinity","{'Category': ['Platform', 'Polychain Capital Portfolio', 'Exnetwork Capital Portfolio'], 'Industry': ['Distributed Computing'], 'Self-Reported Tags': ['Smart Contracts', 'Metaverse', 'Electric Capital Portfolio', 'Fenbushi Capital Portfolio', 'Hashkey Capital Portfolio', 'a16z Portfolio', 'Multicoin Capital Portfolio', 'Play To Earn', 'Web3']}"
tron,https://coinmarketcap.com/currencies/tron/price-estimates/,https://tron.network/,"https://tronscan.org/#/, https://www.trxplorer.io/, https://trx.tokenview.com/en",https://developers.tron.network/docs,"https://medium.com/@Tronfoundation, https://twitter.com/justinsuntron, https://reddit.com/r/Tronix",https://github.com/tronprotocol/java-tron,http://t.me/tronnetworkEN,"['Media', 'Payments', 'TRON Ecosystem', 'BNB Chain']"
filecoin,https://coinmarketcap.com/currencies/filecoin/price-estimates/,https://filecoin.io/,"https://filfox.io/en?utm_source=cmc, https://bscscan.com/token/0x0d8ce2a99bb6e3b7db580ed848240e4a0f9ae153",https://docs.filecoin.io/,"https://bitcointalk.org/index.php?topic=2080871.0, https://filecoin.io/blog, https://twitter.com/protocollabs",https://github.com/filecoin-project/,,"{'Category': ['Storage', 'Polychain Capital Portfolio', 'Blockchain Capital Portfolio', 'BoostVC Portfolio', 'DCG Portfolio', 'Hashkey Capital Portfolio', 'a16z Portfolio', 'Winklevoss Capital Portfolio', 'Pantera Capital Portfolio'], 'Industry': ['Distributed Computing', 'Filesharing', 'Web3'], 'Others': ['Mineable'], 'Platform': ['BNB Chain']}"
ethereum-classic,https://coinmarketcap.com/currencies/ethereum-classic/price-estimates/,https://ethereumclassic.org/,"https://blockscout.com/etc/mainnet/, https://expedition.dev/?network=mainnet, https://etc.tokenview.com/en, https://etcblockexplorer.com/home",,"https://bitcointalk.org/index.php?topic=1559630.0, https://twitter.com/eth_classic, https://reddit.com/r/EthereumClassic",https://github.com/ethereumclassic,"https://discord.gg/HW4GckH, https://telegram.me/ethclassic","{'Algorithm': ['PoW', 'Ethash'], 'Category': ['Platform', 'Smart Contracts', 'DCG Portfolio'], 'Others': ['Mineable'], 'Platform': ['BNB Chain']}"
cosmos,https://coinmarketcap.com/currencies/cosmos/price-estimates/,https://cosmos.network/,"https://www.mintscan.io/, https://atomscan.com/, https://atom.tokenview.com/en, https://bscscan.com/token/0x0eb3a705fc54725037cc9e008bdede697f62f335, https://etherscan.io/address/0x8D983cb9388EaC77af0474fA441C4815500Cb7BB",https://cosmos.network/resources/whitepaper,"https://blog.cosmos.network/, https://forum.cosmos.network/, https://twitter.com/cosmos, https://reddit.com/r/cosmosnetwork",https://github.com/cosmos,https://t.me/cosmosproject,"{'Category': ['Platform', 'Interoperability', 'Polychain Capital Portfolio', 'DragonFly Capital Portfolio', 'Hashkey Capital Portfolio', '1Confirmation Portfolio', 'Paradigm Portfolio', 'Exnetwork Capital Portfolio'], 'Industry': ['Cosmos Ecosystem', 'Content Creation'], 'Platform': ['Binance Chain', 'Injective Ecosystem', 'BNB Chain'], 'Self-Reported Tags': ['Cosmos', 'Scaling', 'Staking']}"
theta,https://coinmarketcap.com/currencies/theta/price-estimates/,https://www.thetatoken.org/,https://explorer.thetatoken.org/,https://s3.us-east-2.amazonaws.com/assets.thetatoken.org/Theta-white-paper-latest.pdf,"https://bitcointalk.org/index.php?topic=2451089.0, https://twitter.com/Theta_Network, https://reddit.com/r/theta_network",https://github.com/thetatoken,https://discord.com/invite/QfMpeZBfKB,"{'Category': ['Collectibles &amp; NFTs', 'DeFi', 'Metaverse', 'Huobi Capital Portfolio'], 'Industry': ['Media', 'Content Creation', 'Video', 'Web3']}"
ftx-token,https://coinmarketcap.com/currencies/ftx-token/price-estimates/,,"https://etherscan.io/token/0x50d1c9771902476076ecfc8b2a83ad6b9355a4c9, https://explorer.binance.org/asset/FTT-F11, https://blockchair.com/ethereum/erc-20/token/0x50d1c9771902476076ecfc8b2a83ad6b9355a4c9, https://eth.tokenview.com/en/token/0x50d1c9771902476076ecfc8b2a83ad6b9355a4c9, https://explorer.solana.com/address/AGFEad2et2ZJif9jaGpdMixQqvW5i81aBdvKe7PHNfz3",https://docs.google.com/document/d/1u5MOkENoWP8PGcjuoKqRkNP5Gl1LLRB9JvAHwffQ7ec/view,"https://medium.com/@ftx, https://blog.ftx.com/, https://twitter.com/FTX_Official",,https://t.me/FTX_Official,"{'Category': ['Centralized Exchange', 'Derivatives', 'CMS Holdings Portfolio', 'Kenetic Capital Portfolio', 'Alameda Research Portfolio', 'Pantera Capital Portfolio', 'Exnetwork Capital Portfolio'], 'Industry': ['Marketplace']}"
hedera,https://coinmarketcap.com/currencies/hedera/price-estimates/,https://www.hedera.com/,"https://hash-hash.info/, https://app.dragonglass.me/hedera/home, https://kabuto.sh/, https://ledger.hashlog.io/",https://www.hedera.com/papers,"https://hedera.com/news, https://hedera.com/blog, https://medium.com/hashgraph, https://twitter.com/hedera, https://reddit.com/r/hedera",https://github.com/hashgraph,"https://t.me/hederahashgraph, https://hedera.com/discord","{'Algorithm': ['DAG'], 'Category': ['DCG Portfolio'], 'Industry': ['Marketplace', 'Enterprise Solutions', 'Payments'], 'Self-Reported Tags': ['PoS', 'Energy', 'Platform', 'Collectibles &amp; NFTs', 'Data Provenance', 'DeFi', 'Privacy', 'Identity', 'Quantum-Resistant', 'Smart Contracts', 'Timestamping', 'Web3']}"
bitcoin-bep2,https://coinmarketcap.com/currencies/bitcoin-bep2/price-estimates/,https://bitcoin.org/en/,"https://explorer.binance.org/asset/BTCB-1DE, https://bscscan.com/token/0x7130d2a12b9bcbfae4f2634d864a1ee1ce3ead9c",,,https://github.com/bitcoin/,,"['Binance Chain', 'BNB Chain']"
fantom,https://coinmarketcap.com/currencies/fantom/price-estimates/,https://fantom.foundation/,"https://ftmscan.com/, https://explorer.fantom.network/, https://explorer.binance.org/asset/FTM-A64, https://etherscan.io/token/0x4e15361fd6b4bb609fa63c81a2be19d873717870, https://solscan.io/token/8gC27rQF4NEDYfyf5aS8ZmQJUum5gufowKGYRRba4ENN",https://fantom.foundation/fantom-research-papers/,"https://twitter.com/FantomFDN, https://reddit.com/r/FantomFoundation",https://github.com/Fantom-Foundation,"http://chat.fantom.network/, https://t.me/Fantom_English","{'Category': ['Platform', 'DeFi', 'Scaling', 'Smart Contracts'], 'Industry': ['Enterprise Solutions', 'Research'], 'Platform': ['Fantom Ecosystem', 'Injective Ecosystem', 'BNB Chain']}"
multi-collateral-dai,https://coinmarketcap.com/currencies/multi-collateral-dai/price-estimates/,http://www.makerdao.com/,"https://etherscan.io/token/0x6b175474e89094c44da98b954eedeac495271d0f, https://polygonscan.com/token/0x8f3Cf7ad23Cd3CaDbD9735AFf958023239c6A063, https://bscscan.com/token/0x1af3f329e8be154074d8769d1ffa4ee058b1dbc3, https://blockscout.com/xdai/mainnet/tokens/0x44fA8E6f47987339850636F88629646662444217/token-transfers, https://ftmscan.com/token/0x8D11eC38a3EB5E956B052f67Da8Bdc9bef8Abf3E",,,,,"{'Category': ['DeFi', 'Stablecoin', 'Harmony Ecosystem', 'Moonriver Ecosystem', 'USD Stablecoin'], 'Platform': ['Ethereum Ecosystem', 'Avalanche Ecosystem', 'Polygon Ecosystem', 'Fantom Ecosystem', 'Arbitrum Ecosystem', 'BNB Chain']}"
near-protocol,https://coinmarketcap.com/currencies/near-protocol/price-estimates/,https://near.org/,"https://explorer.near.org/, https://hubble.figment.io/near/chains/mainnet, https://bscscan.com/token/0x1fa4a73a3f0133f0025378af00236f3abdee5d63, https://nearblocks.io/",,"https://near.org/blog/, https://medium.com/nearprotocol, https://twitter.com/NEARProtocol",https://github.com/nearprotocol/nearcore,"https://t.me/cryptonear, https://near.org/wechat/","{'Category': ['Platform', 'Staking', 'Coinbase Ventures Portfolio', 'Arrington XRP Capital Portfolio', 'Coinfund Portfolio', 'Electric Capital Portfolio', 'Fabric Ventures Portfolio', 'Kenetic Capital Portfolio', 'Near Protocol Ecosystem'], 'Platform': ['Injective Ecosystem', 'BNB Chain']}"
elrond-egld,https://coinmarketcap.com/currencies/elrond-egld/price-estimates/,,"https://explorer.elrond.com/, https://bscscan.com/token/0xbf7c81fff98bbe61b40ed186e4afd6ddd01337fe, https://www.elrondscan.com/, https://elrondmonitor.com/",https://elrond.com/assets/files/elrond-whitepaper.pdf,"https://elrond.com/blog/, https://elrondwiki.com/, https://twitter.com/elrondnetwork, https://reddit.com/r/elrondnetwork",https://github.com/ElrondNetwork,https://t.me/ElrondNetwork,"{'Category': ['Binance Launchpad', 'Binance Labs Portfolio', 'Electric Capital Portfolio', 'Exnetwork Capital Portfolio', 'Elrond Ecosystem'], 'Platform': ['Injective Ecosystem', 'BNB Chain']}"
decentraland,https://coinmarketcap.com/currencies/decentraland/price-estimates/,https://decentraland.org/,"https://etherscan.io/token/decentraland, https://ethplorer.io/address/0x0f5d2fb29fb7d3cfee444a200298f468908cc942, https://explorer.solana.com/address/7dgHoN8wBZCc5wbnQ2C47TDnBMAxG4Q5L3KjP67z8kNi",https://decentraland.org/whitepaper.pdf,"https://bitcointalk.org/index.php?topic=2065128.0, https://forum.decentraland.org/, https://twitter.com/decentraland, https://reddit.com/r/decentraland",https://github.com/decentraland/mana,"https://t.me/DecentralandTG, https://dcl.gg/discord","{'Category': ['Platform', 'Collectibles &amp; NFTs', 'Metaverse', 'BoostVC Portfolio', 'DCG Portfolio', 'Fabric Ventures Portfolio', 'Kenetic Capital Portfolio', 'Play To Earn'], 'Industry': ['Gaming', 'Payments'], 'Platform': ['Polygon Ecosystem']}"
the-graph,https://coinmarketcap.com/currencies/the-graph/price-estimates/,https://thegraph.com/,"https://etherscan.io/token/0xc944e90c64b2c07662a292be6244bdf05cda44a7, https://thegraph.com/explorer/, https://avascan.info/blockchain/c/token/0x8a0cAc13c7da965a312f08ea4229c37869e85cB9, https://solscan.io/token/HGsLG4PnZ28L8A4R5nPqKgZd86zUUdmfnkTRnuFJ5dAX",https://thegraph.com/docs/,"https://thegraph.com/blog/, https://thegraph.com/#newsletter, https://twitter.com/graphprotocol, https://reddit.com/r/thegraph",https://github.com/graphprotocol,"https://thegraph.com/discord, https://t.me/GraphProtocol","{'Category': ['DeFi', 'Coinbase Ventures Portfolio', 'Analytics', 'Coinfund Portfolio', 'DCG Portfolio', 'Fabric Ventures Portfolio', 'Framework Ventures Portfolio', 'LedgerPrime Portfolio', 'Multicoin Capital Portfolio', 'ParaFi Capital', 'Near Protocol Ecosystem', 'Spartan Group'], 'Industry': ['AI &amp; Big Data', 'Enterprise Solutions', 'Web3'], 'Platform': ['Solana Ecosystem', 'Polygon Ecosystem', 'Fantom Ecosystem', 'Arbitrum Ecosystem', 'Injective Ecosystem', 'BNB Chain']}"
tezos,https://coinmarketcap.com/currencies/tezos/price-estimates/,https://www.tezos.com/,"https://tzstats.com/, https://tezblock.io/, https://tzkt.io/, https://bscscan.com/token/0x16939ef78684453bfdfb47825f8a5f714f12623a",https://tezos.com/whitepaper.pdf,"https://discord.com/invite/tezos, https://forum.tezosagora.org/, https://twitter.com/tezos, https://reddit.com/r/tezos",https://gitlab.com/tezos/tezos,"https://t.me/tezosplatform, https://riot.tzchat.org/","{'Algorithm': ['PoS'], 'Category': ['Platform', 'Collectibles &amp; NFTs', 'DeFi', 'Smart Contracts', 'Polychain Capital Portfolio', 'BoostVC Portfolio', 'Winklevoss Capital Portfolio'], 'Industry': ['Enterprise Solutions']}"
helium,https://coinmarketcap.com/currencies/helium/price-estimates/,https://www.helium.com/,https://explorer.helium.com/,http://whitepaper.helium.com/,"http://chat.helium.com/, https://twitter.com/helium, https://reddit.com/r/HeliumNetwork",https://github.com/helium/,"http://chat.helium.com/, https://t.me/helium_network","{'Category': ['USV Portfolio', 'Multicoin Capital Portfolio'], 'Industry': ['Enterprise Solutions', 'Distributed Computing', 'IoT', 'Web3'], 'Others': ['Mineable']}"
eos,https://coinmarketcap.com/currencies/eos/price-estimates/,https://eos.io/,"https://bloks.io/, https://eosflare.io/, https://eospark.com/, https://www.eosx.io/?partner=coinmarketcap, https://bscscan.com/token/0x56b6fb708fc5732dec1afc8d8556423a2edccbd6",https://github.com/EOSIO/Documentation/blob/master/TechnicalWhitePaper.md,"https://bitcointalk.org/index.php?topic=1904415.0, https://twitter.com/eosio, https://reddit.com/r/EOS",https://github.com/eosio,https://t.me/joinchat/AAAAAEQbOeucnaMWN0A9dQ,"{'Category': ['Smart Contracts', 'Fenbushi Capital Portfolio', 'Galaxy Digital Portfolio'], 'Industry': ['Medium of Exchange', 'Enterprise Solutions'], 'Platform': ['Binance Chain', 'BNB Chain']}"
monero,https://coinmarketcap.com/currencies/monero/price-estimates/,https://www.getmonero.org/,"http://moneroblocks.info/, http://chainradar.com/xmr/blocks, https://xmr.tokenview.com/, https://blockchair.com/monero",https://github.com/monero-project/research-lab/blob/master/whitepaper/whitepaper.pdf,"https://bitcointalk.org/index.php?topic=583449.0, https://forum.getmonero.org/, https://forum.monero.space/, https://twitter.com/monero, https://reddit.com/r/monero",https://github.com/monero-project/monero,https://telegram.me/monero,"{'Algorithm': ['PoW'], 'Category': ['Privacy', 'RingCT', 'BoostVC Portfolio', 'Electric Capital Portfolio', 'Galaxy Digital Portfolio'], 'Industry': ['Medium of Exchange'], 'Others': ['Mineable']}"
pancakeswap,https://coinmarketcap.com/currencies/pancakeswap/price-estimates/,https://pancakeswap.finance/,"https://bscscan.com/token/0x0e09fabb73bd3ade0a17ecc321fd13a19e81ce82, https://solscan.io/token/J8LKx7pr9Zxh9nMhhT7X3EBmj5RzuhFrHKyJAe2F2i9S, https://etherscan.io/token/0x7c8161545717a334f3196e765d9713f8042EF338, https://finder.terra.money/mainnet/address/terra1xvqlpjl2dxyel9qrp6qvtrg04xe3jh9cyxc6av, https://avascan.info/blockchain/c/address/0x98a4d09036Cc5337810096b1D004109686E56Afc/token",,"https://medium.com/pancakeswap, https://twitter.com/pancakeswap, https://reddit.com/r/pancakeswap/",https://github.com/pancakeswap,"https://t.me/PancakeSwap, https://discord.gg/pancakeswap","{'Category': ['Collectibles &amp; NFTs', 'Decentralized Exchange', 'DeFi', 'Smart Contracts', 'Yield Farming', 'AMM', 'DEX', 'Governance'], 'Platform': ['Binance Chain', 'BNB Chain']}"
aave,https://coinmarketcap.com/currencies/aave/price-estimates/,,"https://etherscan.io/token/0x7fc66500c84a76ad7e9c93437bfc5ac33e2ddae9, https://explorer-mainnet.maticvigil.com/tokens/0xd6df932a45c0f255f85145f286ea0b292b21c90b/token-transfers, https://scan.hecochain.com/address/0x202b4936fe1a82a4965220860ae46d7d3939bb25, https://ftmscan.com/token/0x6a07A792ab2965C72a5B8088d3a069A7aC3a993B, https://blockscout.com/xdai/mainnet/tokens/0xDF613aF6B44a31299E48131e9347F034347E2F00/token-transfers",https://github.com/aave/aave-protocol/blob/master/docs/Aave_Protocol_Whitepaper_v1_0.pdf,"https://bitcointalk.org/index.php?topic=2090735.0, https://medium.com/aave, https://twitter.com/AaveAave, https://reddit.com/r/Aave_Official",https://github.com/aave,"https://aave.com/discord, https://t.me/Aavesome","{'Category': ['DeFi', 'DAO', 'Yield Farming', 'Three Arrows Capital Portfolio', 'Governance', 'Lending &amp; Borrowing', 'Blockchain Capital Portfolio', 'DeFiance Capital Portfolio', 'Framework Ventures Portfolio', 'Alameda Research Portfolio', 'Pantera Capital Portfolio', 'ParaFi Capital'], 'Platform': ['Polygon Ecosystem', 'Fantom Ecosystem', 'BNB Chain']}"
loopring,https://coinmarketcap.com/currencies/loopring/price-estimates/,https://loopring.org/,"https://etherscan.io/token/0xbbbbca6a901c926f240b89eacb641d8aec7aeafd, https://ethplorer.io/address/0xbbbbca6a901c926f240b89eacb641d8aec7aeafd, https://explorer.solana.com/address/HCTVFTzHL21a1dPzKxAUeWwqbE8QMUyvgChFDL4XYoi1",https://github.com/Loopring/protocols/blob/master/packages/loopring_v3/DESIGN.md,"https://medium.com/loopring-protocol, https://twitter.com/loopringorg, https://reddit.com/r/loopringorg",https://github.com/loopring,"https://t.me/loopring_en, https://discord.gg/KkYccYp","{'Category': ['Decentralized Exchange', 'DeFi', 'Scaling', 'Rollups'], 'Industry': ['Marketplace']}"
flow,https://coinmarketcap.com/currencies/flow/price-estimates/,https://flow.com/,"https://flowscan.org/, https://flow.bigdipper.live/, https://etherscan.io/token/0x5c147e74d63b1d31aa3fd78eb229b65161983b2b",https://www.onflow.org/technical-paper/,"https://medium.com/dapperlabs, https://twitter.com/flow_blockchain",https://github.com/onflow,"https://onflow.org/discord, https://t.me/flow_blockchain","{'Category': ['Collectibles &amp; NFTs', 'Coinbase Ventures Portfolio', 'Coinfund Portfolio', 'DCG Portfolio', 'LedgerPrime Portfolio', 'a16z Portfolio', 'Animoca Brands Portfolio']}"
kadena,https://coinmarketcap.com/currencies/kadena/price-estimates/,http://kadena.io/,https://explorer.chainweb.com/mainnet,https://docs.kadena.io/basics/whitepapers/overview,"https://t.me/Kadena_Announcements, https://medium.com/kadena-io, https://twitter.com/kadena_io",https://github.com/kadena-io/chainweb-node,"https://t.me/kadena_io, https://discord.io/Kadena","{'Algorithm': ['PoW', 'Blake2S'], 'Category': ['Platform', 'Smart Contracts', 'Coinfund Portfolio', 'Multicoin Capital Portfolio'], 'Industry': ['Cosmos Ecosystem'], 'Others': ['Mineable'], 'Self-Reported Tags': ['DeFi', 'Scaling']}"
ecash,https://coinmarketcap.com/currencies/ecash/price-estimates/,https://e.cash/,"https://explorer.bitcoinabc.org/, https://blockchair.com/ecash, https://ecash.coin.dance/, https://explorer.be.cash/blocks",,"https://twitter.com/eCashOfficial, https://reddit.com/r/ecash",https://github.com/bitcoin-abc,"https://t.me/ecash_official, https://discord.gg/d5EHW3PgTy","{'Self-Reported Tags': ['Hybrid - PoW &amp; PoS', 'PoS', 'PoW', 'SHA-256', 'Platform', 'Store Of Value', 'Payments', 'Scaling', 'Governance']}"
klaytn,https://coinmarketcap.com/currencies/klaytn/price-estimates/,,https://scope.klaytn.com/blocks,https://docs.klaytn.com/,"https://medium.com/klaytn, https://twitter.com/klaytn_official, https://reddit.com/r/klaytn",https://github.com/klaytn/klaytn,"https://t.me/Klaytn_EN, https://discord.io/KlaytnOfficial","['Platform', 'Enterprise Solutions', 'Injective Ecosystem']"
terrausd,https://coinmarketcap.com/currencies/terrausd/price-estimates/,https://terra.money/,"https://finder.terra.money/, https://etherscan.io/token/0xa47c8bf37f92aBed4A126BDA807A7b7498661acD, https://solscan.io/token/9vMJfxuKxXBoEa7rM12mYLMwTacLMLDJqHozw96WQL8i, https://polygonscan.com/token/0xE6469Ba6D2fD6130788E0eA9C0a0515900563b59, https://avascan.info/blockchain/c/address/0xb599c3590F42f8F995ECfa0f85D2980B76862fc1/token",https://terra.money/Terra_White_paper.pdf,"https://t.me/terra_announcements, https://medium.com/terra-money, https://twitter.com/terra_money",https://github.com/terra-project,"https://discord.com/invite/terra-money, https://t.me/TerraLunaChat","{'Category': ['Stablecoin', 'Algorithmic Stablecoin', 'Terra Ecosystem', 'USD Stablecoin'], 'Industry': ['Cosmos Ecosystem'], 'Platform': ['Injective Ecosystem', 'BNB Chain']}"
iota,https://coinmarketcap.com/currencies/iota/price-estimates/,https://www.iota.org/,"https://thetangle.org/, http://explorer.iota.org/?, https://bscscan.com/token/0xd944f1d1e9d5f9bb90b62f9d45e447d989580782",https://iota.org/IOTA_Whitepaper.pdf,"https://bitcointalk.org/index.php?topic=1216479.0, https://forum.iota.org/, https://twitter.com/iota, https://reddit.com/r/Iota",https://github.com/iotaledger,https://discord.iota.org/,"{'Algorithm': ['DAG'], 'Industry': ['Medium of Exchange', 'IoT', 'Sharing Economy'], 'Platform': ['BNB Chain']}"
kusama,https://coinmarketcap.com/currencies/kusama/price-estimates/,https://kusama.network/,"https://polkascan.io/pre/kusama-cc3, https://kusama.polkastats.io/",,"https://forum.kusama.network/, https://medium.com/polkadot-network/kusama-network-7446706b8f4c, https://twitter.com/kusamanetwork",https://github.com/kusamanetwork,https://app.subsocial.network/@KusamaCommunity,"{'Category': ['Substrate', 'CMS Holdings Portfolio', 'Kenetic Capital Portfolio', '1Confirmation Portfolio', 'VBC Ventures Portfolio'], 'Platform': ['Polkadot Ecosystem']}"
neo,https://coinmarketcap.com/currencies/neo/price-estimates/,https://neo.org/,"https://neoscan.io/, https://explorer.o3.network/, https://neo.tokenview.com/",https://docs.neo.org/docs/en-us/index.html,"https://bitcointalk.org/index.php?topic=2057932.0, https://medium.com/neo-smart-economy, https://twitter.com/neo_blockchain, https://reddit.com/r/NEO",https://github.com/neo-project/neo,https://t.me/NEO_EN,"['Platform', 'Enterprise Solutions', 'Smart Contracts']"
bitcoin-sv,https://coinmarketcap.com/currencies/bitcoin-sv/price-estimates/,,"https://blockchair.com/bitcoin-sv, https://www.oklink.com/bsv, https://bchsv.tokenview.com/en/, https://explorer.viabtc.com/bsv",,"https://bitcoinsv.io/news/, https://twitter.com/BitcoinAssn",https://github.com/bitcoin-sv/bitcoin-sv,,"{'Algorithm': ['PoW', 'SHA-256'], 'Category': ['Store Of Value', 'State Channel'], 'Industry': ['Medium of Exchange'], 'Others': ['Mineable']}"
thorchain,https://coinmarketcap.com/currencies/thorchain/price-estimates/,https://thorchain.org/,"https://explorer.binance.org/asset/RUNE-B1A, https://viewblock.io/thorchain",https://github.com/thorchain/Resources/tree/master/Whitepapers/THORChain/whitepaper-en.md,"https://medium.com/thorchain, https://twitter.com/THORChain, https://reddit.com/r/thorchain",https://github.com/thorchain,https://t.me/thorchain_org,"{'Category': ['Decentralized Exchange', 'DeFi', 'Multicoin Capital Portfolio', 'Exnetwork Capital Portfolio'], 'Industry': ['Cosmos Ecosystem']}"
quant,https://coinmarketcap.com/currencies/quant/price-estimates/,https://quant.network/,"https://etherscan.io/token/0x4a220e6096b25eadb88358cb44068a3248254675, https://ethplorer.io/address/0x4a220e6096b25eadb88358cb44068a3248254675",,"https://bitcointalk.org/index.php?topic=3200795.0, https://medium.com/@quant_network, https://twitter.com/quant_network, https://reddit.com/r/QuantNetwork",https://github.com/quantnetwork/,"https://t.me/QuantOverledger, https://t.me/quantnetworkannouncements","['Platform', 'Interoperability']"
chiliz,https://coinmarketcap.com/currencies/chiliz/price-estimates/,https://www.chiliz.com/,"https://explorer.chiliz.com/address/0xe4a461065d032c77c8bf2d708f371dd098d71a20/transactions, https://etherscan.io/token/0x3506424f91fd33084466f402d5d97f05f8e3b4af, https://explorer.binance.org/asset/CHZ-ECD, https://solscan.io/account/5TtSKAamFq88grN1QGrEaZ1AjjyciqnCya1aiMhAgFvG",,"https://medium.com/chiliz, https://twitter.com/chiliz",,https://t.me/chiliz_io,"['Sports', 'Collectibles &amp; NFTs', 'Content Creation', 'Payments']"
unus-sed-leo,https://coinmarketcap.com/currencies/unus-sed-leo/price-estimates/,https://www.bitfinex.com/,"https://etherscan.io/token/0x2af5d2ad76741191d15dfe7bf6ac92d4bd912ca3, https://ethplorer.io/address/0x2af5d2ad76741191d15dfe7bf6ac92d4bd912ca3, https://eospark.com/account/bitfinexleo1, https://eosflare.io/account/bitfinexleo1, https://blockchair.com/ethereum/erc-20/token/0x2af5d2ad76741191d15dfe7bf6ac92d4bd912ca3",https://www.bitfinex.com/wp-2019-05.pdf,"https://twitter.com/bitfinex, https://reddit.com/r/bitfinex",,https://t.me/bfxtelegram,"{'Category': ['Centralized Exchange', 'Discount Token', 'Kenetic Capital Portfolio', 'Alameda Research Portfolio'], 'Industry': ['Marketplace', 'Payments']}"
harmony,https://coinmarketcap.com/currencies/harmony/price-estimates/,,https://explorer.harmony.one/#/,,"https://medium.com/harmony-one, https://twitter.com/harmonyprotocol, https://reddit.com/r/harmony_one/",https://github.com/harmony-one,"https://t.me/harmony_one, https://harmony.one/discord","{'Category': ['Platform', 'Scaling', 'Smart Contracts', 'Binance Launchpad', 'Binance Labs Portfolio', 'Hashkey Capital Portfolio', 'Harmony Ecosystem'], 'Industry': ['Enterprise Solutions'], 'Platform': ['Injective Ecosystem', 'BNB Chain']}"
stacks,https://coinmarketcap.com/currencies/stacks/price-estimates/,https://stacks.co/,https://explorer.stacks.co/,https://gaia.blockstack.org/hub/1AxyPunHHAHiEffXWESKfbvmBpGQv138Fp/stacks.pdf,"https://blog.stacks.co/, https://forum.stacks.org/, https://twitter.com/Stacks, https://reddit.com/r/stacks",https://github.com/blockstack,"https://t.me/StacksChat, https://chat.blockstack.org/","{'Category': ['Platform', 'Collectibles &amp; NFTs', 'DeFi', 'Smart Contracts', 'Metaverse', 'Arrington XRP Capital Portfolio', 'Blockchain Capital Portfolio', 'DCG Portfolio', 'Fabric Ventures Portfolio', 'Hashkey Capital Portfolio', 'Huobi Capital Portfolio', 'USV Portfolio'], 'Industry': ['Web3'], 'Others': ['Mineable'], 'Platform': ['Injective Ecosystem']}"
maker,https://coinmarketcap.com/currencies/maker/price-estimates/,https://makerdao.com/,"https://etherscan.io/token/Maker, https://ethplorer.io/address/0x9f8f72aa9304c8b593d555f12ef6589cc3a579a2, https://blockchair.com/ethereum/erc-20/token/0xda27b988921a0659bceac1abd4b43a295c8296f4, https://eth.tokenview.com/en/token/0x9f8f72aa9304c8b593d555f12ef6589cc3a579a2, https://avascan.info/blockchain/c/token/0x88128fd4b259552A9A1D457f435a6527AAb72d42",https://makerdao.com/en/whitepaper/#overview-of-the-dai-stablecoin-system,"https://twitter.com/MakerDAO, https://reddit.com/r/MakerDAO",https://github.com/makerdao,https://t.me/makerdaoOfficial,"{'Category': ['Store Of Value', 'DeFi', 'DAO', 'Polychain Capital Portfolio', 'Governance', 'Lending &amp; Borrowing', 'DragonFly Capital Portfolio', 'Electric Capital Portfolio', 'a16z Portfolio', '1Confirmation Portfolio', 'Placeholder Ventures Portfolio', 'Pantera Capital Portfolio', 'Paradigm Portfolio', 'Near Protocol Ecosystem', 'Spartan Group'], 'Platform': ['BNB Chain']}"
zcash,https://coinmarketcap.com/currencies/zcash/price-estimates/,https://z.cash/,"https://explorer.zcha.in/, https://zcash.tokenview.com/, https://blockchair.com/zcash, https://bscscan.com/token/0x1ba42e5193dfa8b03d15dd1b86a3113bbbef8eeb",https://github.com/zcash/zips/blob/master/protocol/protocol.pdf,"https://discord.com/invite/na6QZNd, https://forum.z.cash/, https://twitter.com/electriccoinco, https://reddit.com/r/zec",https://github.com/zcash/zcash,"https://t.me/Zcash_Community, https://discord.com/invite/PhJY6Pm","{'Algorithm': ['PoW', 'Equihash'], 'Category': ['Privacy', 'Zero Knowledge Proofs', 'BoostVC Portfolio', 'DCG Portfolio', 'Electric Capital Portfolio', 'Fenbushi Capital Portfolio', 'Hashkey Capital Portfolio', 'Winklevoss Capital Portfolio', 'Placeholder Ventures Portfolio', 'Pantera Capital Portfolio'], 'Industry': ['Medium of Exchange'], 'Others': ['Mineable'], 'Platform': ['Binance Chain', 'BNB Chain']}"
waves,https://coinmarketcap.com/currencies/waves/price-estimates/,,"http://wavesexplorer.com/, https://wavescap.com/, https://wscan.io/",https://docs.wavesprotocol.org/en/,"https://bitcointalk.org/index.php?topic=3223136.0, https://forum.wavesplatform.com/, https://wavestalk.org/, https://twitter.com/wavesprotocol, https://reddit.com/r/Wavesplatform",https://github.com/wavesplatform/,"https://t.me/Wavescommunity, https://discordapp.com/invite/cnFmDyA","['LPoS', 'Platform', 'Smart Contracts']"
enjin-coin,https://coinmarketcap.com/currencies/enjin-coin/price-estimates/,https://enjin.io/,"https://enjinx.io/eth/token/0xf629cbd94d3791c9250152bd8dfbdf380e2a3b9c, https://etherscan.io/token/0xf629cbd94d3791c9250152bd8dfbdf380e2a3b9c, https://ethplorer.io/address/0xf629cbd94d3791c9250152bd8dfbdf380e2a3b9c, https://blockchair.com/ethereum/erc-20/token/0xf629cbd94d3791c9250152bd8dfbdf380e2a3b9c",https://docs.enjin.io/,"https://bitcointalk.org/index.php?topic=2042871.0, https://enjin.io/blog, https://twitter.com/enjin, https://reddit.com/r/EnjinCoin",https://github.com/enjin/,"https://t.me/enjin, https://discord.gg/qVA6uDr2f8","{'Category': ['Collectibles &amp; NFTs', 'Metaverse', 'Arrington XRP Capital Portfolio'], 'Industry': ['Media', 'Gaming'], 'Platform': ['Ethereum Ecosystem']}"
amp,https://coinmarketcap.com/currencies/amp/price-estimates/,https://amptoken.org/,"https://etherscan.io/token/0xff20817765cb7f73d4bde2e66e067e58d11095c2, https://ethplorer.io/address/0xff20817765cb7f73d4bde2e66e067e58d11095c2, https://solscan.io/account/D559HwgjYGDYsXpmFUKxhFTEwutvS9sya1kXiyCVogCV",,"https://medium.com/amptoken/amp-the-new-digital-collateral-token-524bc568af92, https://medium.com/amptoken, https://twitter.com/amptoken, https://reddit.com/r/amptoken",https://github.com/amptoken,"https://amptoken.org/discord, https://discord.gg/T4EY6yx",[]
bittorrent,https://coinmarketcap.com/currencies/bittorrent/price-estimates/,https://www.bittorrent.com/btt/,"https://tronscan.org/#/token/1002000, https://trxplorer.io/token/1002000, https://bscscan.com/token/0x8595f9da7b868b1822194faed312235e43007b49, https://scan.bt.io/#/",https://www.bittorrent.com/btt/btt-docs/BitTorrent_(BTT)_White_Paper_v0.8.7_Feb_2019.pdf,"https://medium.com/bittorrent/bittorrent-foundation-unveils-more-details-regarding-bittorrent-btt-airdrops-for-tron-trx-8bbd194f8a87, http://blog.bittorrent.com/, https://forum.bittorrent.com/, https://twitter.com/BitTorrent, https://reddit.com/r/BittorrentToken",https://github.com/bittorrent,https://t.me/BTTBitTorrent,[]
holo,https://coinmarketcap.com/currencies/holo/price-estimates/,,"https://etherscan.io/token/0x6c6ee5e31d828de241282b9606c8e98ea48526e2, https://ethplorer.io/address/0x6c6ee5e31d828de241282b9606c8e98ea48526e2",https://holo.host/whitepapers/,"https://bitcointalk.org/index.php?topic=2963267.0, https://medium.com/h-o-l-o, https://twitter.com/H_O_L_O_, https://reddit.com/r/holochain",https://github.com/holochain/holochain-rust,http://t.me/channelHolo,"['Platform', 'Distributed Computing', 'Filesharing', 'Storage']"
dash,https://coinmarketcap.com/currencies/dash/price-estimates/,,"https://explorer.dash.org/, https://insight.dash.org/insight/, https://chainz.cryptoid.info/dash/, https://dash.tokenview.com/en, https://blockchair.com/dash",https://docs.dash.org/,"https://bitcointalk.org/index.php?topic=421615.0, https://www.dash.org/forum/, https://twitter.com/Dashpay, https://reddit.com/r/dashpay",https://github.com/dashpay/dash,"https://t.me/dash_chat, https://discord.com/invite/PXbUxJB","{'Algorithm': ['Hybrid - PoW &amp; PoS', 'X11'], 'Category': ['Masternodes', 'DAO', 'Governance'], 'Industry': ['Medium of Exchange'], 'Others': ['Mineable']}"
the-sandbox,https://coinmarketcap.com/currencies/the-sandbox/price-estimates/,https://www.sandbox.game/en/,"https://etherscan.io/token/0x3845badAde8e6dFF049820680d1F14bD3903a5d0, https://solscan.io/token/49c7WuCZkQgc3M4qH8WuEUNXfgwupZf1xqWkDQ7gjRGt",http://www.sandbox.game/The_Sandbox_Whitepaper_2020.pdf,"https://medium.com/sandbox-game, https://twitter.com/thesandboxgame",,"https://discord.gg/vAe4zvY, https://t.me/sandboxgame","{'Category': ['Collectibles &amp; NFTs', 'Binance Launchpad', 'Metaverse', 'Play To Earn', 'Animoca Brands Portfolio'], 'Industry': ['Content Creation', 'Gaming'], 'Platform': ['Ethereum Ecosystem']}"
arweave,https://coinmarketcap.com/currencies/arweave/price-estimates/,https://www.arweave.org/,https://viewblock.io/arweave,https://www.arweave.org/files/arweave-lightpaper.pdf,"https://medium.com/@arweave, https://twitter.com/arweaveteam, https://reddit.com/r/Arweave",https://github.com/ArweaveTeam/arweave,https://discord.gg/BXk8tq7,"{'Category': ['Storage', 'Coinbase Ventures Portfolio', 'Arrington XRP Capital Portfolio', 'Blockchain Capital Portfolio', 'a16z Portfolio', 'Multicoin Capital Portfolio'], 'Industry': ['Distributed Computing', 'Filesharing', 'Web3'], 'Platform': ['Solana Ecosystem']}"
celo,https://coinmarketcap.com/currencies/celo/price-estimates/,,"https://thecelo.com/, https://explorer.celo.org/blocks, https://stats.celo.org/",http://docs.celo.org/,"http://forum.celo.org/, https://twitter.com/CeloOrg, https://reddit.com/r/CeloHQ",https://github.com/celo-org/celo-monorepo/,"https://discord.com/invite/nfmTPV2, https://t.me/celoplatform","{'Algorithm': ['PoS'], 'Category': ['Zero Knowledge Proofs', 'Smart Contracts', 'Coinbase Ventures Portfolio', 'Polychain Capital Portfolio', 'DragonFly Capital Portfolio', 'Electric Capital Portfolio', 'a16z Portfolio', 'Celo Ecosystem'], 'Industry': ['Mobile', 'Payments'], 'Self-Reported Tags': ['DeFi', 'Stablecoin', 'Algorithmic Stablecoin']}"
compound,https://coinmarketcap.com/currencies/compound/price-estimates/,https://compound.finance/governance/comp,"https://etherscan.io/token/0xc00e94cb662c3520282e6f5717214004a7f26888, https://ethplorer.io/address/0xc00e94cb662c3520282e6f5717214004a7f26888, https://eth.tokenview.com/en/token/0xc00e94cb662c3520282e6f5717214004a7f26888, https://blockscout.com/xdai/mainnet/tokens/0xDf6FF92bfDC1e8bE45177DC1f4845d391D3ad8fD/token-transfers, https://bscscan.com/token/0x52ce071bd9b1c4b00a0b92d298c512478cad67e8",,"https://medium.com/compound-finance, https://twitter.com/compoundfinance",https://github.com/compound-finance/compound-protocol,https://compound.finance/discord,"{'Category': ['DeFi', 'DAO', 'Yield Farming', 'Coinbase Ventures Portfolio', 'Three Arrows Capital Portfolio', 'Polychain Capital Portfolio', 'Lending &amp; Borrowing', 'DragonFly Capital Portfolio', 'Alameda Research Portfolio', 'a16z Portfolio', 'Pantera Capital Portfolio', 'Paradigm Portfolio'], 'Platform': ['Polkadot Ecosystem', 'BNB Chain']}"
nexo,https://coinmarketcap.com/currencies/nexo/price-estimates/,http://nexo.io/,"https://etherscan.io/token/0xb62132e35a6c13ee1ee0f84dc5d40bad8d815206, https://explorer.binance.org/asset/NEXO-A84, https://blockchair.com/ethereum/erc-20/token/0xb62132e35a6c13ee1ee0f84dc5d40bad8d815206, https://polygonscan.com/token/0x41b3966b4ff7b427969ddf5da3627d6aeae9a48e",https://nexo.io/assets/downloads/Nexo-Whitepaper.pdf?=a,"https://nexo.io/blog, https://twitter.com/Nexo, https://reddit.com/r/nexo",https://github.com/nexofinance/NEXO-Token/,https://t.me/nexofinance,"['Services', 'Payments', 'Cardano Ecosystem']"
kucoin-token,https://coinmarketcap.com/currencies/kucoin-token/price-estimates/,https://www.kucoin.com/,"https://explorer.kcc.io/, https://scan.kcc.io/",https://www.kcs.foundation/kcs-whitepaper.pdf,"https://www.kucoin.com/blog/en_US, https://twitter.com/kucoincom, https://reddit.com/r/kucoin",,,"['Marketplace', 'Centralized Exchange', 'Discount Token', 'Algorand Ecosystem']"
omg,https://coinmarketcap.com/currencies/omg/price-estimates/,,"https://omg.eco/blockexplorer, https://etherscan.io/token/OmiseGo, https://ethplorer.io/address/0xd26114cd6EE289AccF82350c8d8487fedB8A0C07, https://blockchair.com/ethereum/erc-20/token/0xd26114cd6ee289accf82350c8d8487fedb8a0c07, https://omisego.to/quest",https://docs.omg.network/,"https://twitter.com/omgnetworkhq, https://reddit.com/r/OMGnetwork",https://github.com/omgnetwork/elixir-omg,https://t.me/omgnetwork,"{'Category': ['Scaling', 'State Channel', 'Pantera Capital Portfolio'], 'Industry': ['Medium of Exchange', 'Payments']}"
mina,https://coinmarketcap.com/currencies/mina/price-estimates/,https://minaprotocol.com/,"https://minaexplorer.com/, https://hubble.figment.io/mina/chains/mainnet, https://minascan.org/, https://mina.staketab.com/",https://minaprotocol.com/docs,"https://minaprotocol.com/blog, https://medium.com/@minaprotocol, https://twitter.com/MinaProtocol, https://reddit.com/r/MinaProtocol",https://github.com/MinaProtocol/mina,"https://discord.com/invite/Vexf4ED, http://bit.ly/MinaTelegram","{'Algorithm': ['PoS'], 'Category': ['Zero Knowledge Proofs', 'Staking', 'Coinbase Ventures Portfolio', 'Polychain Capital Portfolio']}"
theta-fuel,https://coinmarketcap.com/currencies/theta-fuel/price-estimates/,https://www.thetatoken.org/,https://explorer.thetatoken.org/,https://s3.us-east-2.amazonaws.com/assets.thetatoken.org/Theta-white-paper-latest.pdf?v=1553657855.509,"https://medium.com/theta-network/theta-fuel-the-operational-token-of-the-theta-network-2f6823e2182e, https://twitter.com/Theta_Network, https://reddit.com/r/theta_network",https://github.com/thetatoken/theta-protocol-ledger,https://discord.com/invite/QfMpeZBfKB,"['Media', 'Content Creation', 'DeFi', 'Payments']"
basic-attention-token,https://coinmarketcap.com/currencies/basic-attention-token/price-estimates/,https://basicattentiontoken.org/,"https://etherscan.io/token/0x0d8775f648430679a709e98d2b0cb6250d2887ef, https://blockchair.com/ethereum/erc-20/token/0x0d8775f648430679a709e98d2b0cb6250d2887ef, https://bscscan.com/token/0x101d82428437127bf1608f699cd651e6abf9766e, https://blockscout.com/xdai/mainnet/tokens/0xC6cC63f4AA25BBD4453eB5F3a0DfE546feF9b2f3/token-transfers, https://solscan.io/account/EPeUFDgHRxs9xxEPVaL6kfGQvCon7jmAWKVUHuux1Tpz",https://basicattentiontoken.org/BasicAttentionTokenWhitePaper-4.pdf,"https://twitter.com/attentiontoken, https://reddit.com/r/BATProject",https://github.com/brave-intl/bat-ledger,https://t.me/batproject,"{'Category': ['DeFi', 'DCG Portfolio', '1Confirmation Portfolio', 'Pantera Capital Portfolio'], 'Industry': ['Marketing', 'Content Creation', 'Payments', 'Web3'], 'Platform': ['BNB Chain']}"
nem,https://coinmarketcap.com/currencies/nem/price-estimates/,http://nem.io/,"http://explorer.nemtool.com/, http://explorer.nemtool.com/",https://nemproject.github.io/nem-docs/pages/,"https://bitcointalk.org/index.php?topic=426303.0, https://www.discord.gg/xymcity, https://twitter.com/NEMofficial",https://github.com/NemProject,https://www.discord.gg/xymcity,"{'Algorithm': ['PoI'], 'Category': ['Smart Contracts'], 'Industry': ['Medium of Exchange', 'Payments'], 'Platform': ['Fantom Ecosystem']}"
curve-dao-token,https://coinmarketcap.com/currencies/curve-dao-token/price-estimates/,,"https://etherscan.io/token/0xD533a949740bb3306d119CC777fa900bA034cd52, https://ethplorer.io/address/0xD533a949740bb3306d119CC777fa900bA034cd52, https://blockscout.com/xdai/mainnet/tokens/0x712b3d230f3c1c19db860d80619288b1f0bdd0bd/token-transfers, https://ftmscan.com/token/0x1E4F97b9f9F913c46F1632781732927B9019C68b, https://solscan.io/token/7gjNiPun3AzEazTZoFEjZgcBMeuaXdpjHq2raZTmTrfs",,"https://twitter.com/curvefinance, https://reddit.com/r/CurveDAO",https://github.com/curvefi/curve-contract,"https://t.me/curvefi, https://discord.gg/rgrfS7W","{'Category': ['Decentralized Exchange', 'DeFi', 'DAO', 'Yield Farming', 'AMM', 'Governance', 'Framework Ventures Portfolio', 'Alameda Research Portfolio'], 'Platform': ['Polygon Ecosystem', 'Fantom Ecosystem', 'Arbitrum Ecosystem']}"
okb,https://coinmarketcap.com/currencies/okb/price-estimates/,https://www.okx.com/,"https://etherscan.io/token/0x75231f58b43240c9718dd58b4967c5114342a86c, https://ethplorer.io/address/0x75231f58b43240c9718dd58b4967c5114342a86c, https://blockchair.com/ethereum/erc-20/token/0x75231f58b43240c9718dd58b4967c5114342a86c, https://eth.tokenview.com/en/token/0x75231f58b43240c9718dd58b4967c5114342a86c, https://www.oklink.com/eth/token/0x75231f58b43240c9718dd58b4967c5114342a86c",,"https://twitter.com/okx, https://reddit.com/r/okx",,https://t.me/okexofficial_en,"['Marketplace', 'Centralized Exchange', 'Discount Token', 'Alameda Research Portfolio']"
iotex,https://coinmarketcap.com/currencies/iotex/price-estimates/,https://www.iotex.io/,https://iotexscan.io/token/0xa00744882684c3e4747faefd68d283ea44099d03,https://www.iotex.io/research,"https://iotex.io/blog, https://iotex.io/blog, https://twitter.com/iotex_io, https://reddit.com/r/IoTex",https://github.com/iotexproject/iotex-core,https://t.me/IoTeXGroup,"{'Category': ['Platform', 'Hashkey Capital Portfolio', 'Kenetic Capital Portfolio'], 'Industry': ['IoT'], 'Platform': ['IoTeX Ecosystem', 'BNB Chain'], 'Self-Reported Tags': ['Decentralized Exchange', 'DeFi', 'Smart Contracts', 'Wallet', 'DEX', 'Metaverse', 'Play To Earn', 'Token', 'PoS+', 'DeFi 2.0']}"
huobi-token,https://coinmarketcap.com/currencies/huobi-token/price-estimates/,,"https://etherscan.io/token/0x6f259637dcd74c767781e37bc6133cd6a68aa161, http://ethplorer.io/address/0x6f259637dcd74c767781e37bc6133cd6a68aa161, https://eth.tokenview.com/en/token/0x6f259637dcd74c767781e37bc6133cd6a68aa161",,"https://twitter.com/HuobiGlobal, https://reddit.com/r/HuobiGlobal",,,"{'Category': ['Centralized Exchange', 'Discount Token', 'Algorand Ecosystem', 'Kenetic Capital Portfolio', 'Alameda Research Portfolio', 'Multicoin Capital Portfolio'], 'Industry': ['Marketplace', 'Payments']}"
qtum,https://coinmarketcap.com/currencies/qtum/price-estimates/,https://qtum.org/,https://qtum.info/,https://qtum.org/user/pages/01.home/Qtum%20whitepaper_en%20v0.7.pdf,"https://bitcointalk.org/index.php?topic=1720632.0, https://twitter.com/qtum, https://reddit.com/r/Qtum",https://github.com/qtumproject/qtum/,https://t.me/qtumofficial,"['Platform', 'Smart Contracts', 'Kenetic Capital Portfolio']"
decred,https://coinmarketcap.com/currencies/decred/price-estimates/,,"https://dcrdata.decred.org/, https://dcr.tokenview.com/en/, https://stats.decred.org/, https://dcr.tokenview.com/en/, https://explore.stakey.net/",https://docs.decred.org/,"https://bitcointalk.org/index.php?topic=1290358.0, https://medium.com/decred, https://forum.decred.org/, https://twitter.com/decredproject, https://reddit.com/r/decred",https://github.com/decred/decrediton,"https://chat.decred.org/, https://t.me/decred","{'Algorithm': ['Hybrid - PoW &amp; PoS', 'BLAKE256'], 'Category': ['Store Of Value', 'Privacy', 'DAO', 'Placeholder Ventures Portfolio'], 'Industry': ['Medium of Exchange'], 'Others': ['Mineable']}"
icon,https://coinmarketcap.com/currencies/icon/price-estimates/,https://icon.community/,"https://tracker.icon.community/, https://iconwat.ch/",https://icondev.io/,"https://icon.community/blog/, https://forum.icon.community/, https://twitter.com/helloiconworld, https://reddit.com/r/helloicon",https://github.com/icon-project,https://discord.com/invite/7a75Hf3cFm,"{'Category': ['Platform', 'Interoperability', 'Smart Contracts', 'Kenetic Capital Portfolio', 'Pantera Capital Portfolio'], 'Industry': ['Enterprise Solutions'], 'Self-Reported Tags': ['DPoS', 'DeFi', 'Cross-Chain']}"
sushiswap,https://coinmarketcap.com/currencies/sushiswap/price-estimates/,https://sushi.com/,"https://etherscan.io/token/0x6b3595068778dd592e39a122f4f5a5cf09c90fe2, https://bscscan.com/token/0x947950BcC74888a40Ffa2593C5798F11Fc9124C4, https://explorer.solana.com/address/AR1Mtgh7zAtxuxGd2XPovXPVjcSdY3i4rQYisNadjfKy, https://blockscout.com/xdai/mainnet/tokens/0x2995D1317DcD4f0aB89f4AE60F3f020A4F17C7CE/token-transfers, https://ftmscan.com/token/0xae75A438b2E0cB8Bb01Ec1E1e376De11D44477CC",,"https://medium.com/@sushiswapchef/the-sushiswap-project-dd6eb80c6ba2, https://twitter.com/sushiswap, https://reddit.com/r/SushiSwap",https://github.com/sushiswap/sushiswap,https://discord.com/invite/MsVBwEc,"{'Category': ['Collectibles &amp; NFTs', 'Decentralized Exchange', 'DeFi', 'DAO', 'Yield Farming', 'AMM', 'Yearn Partnerships', 'Governance', 'Metaverse', 'Blockchain Capital Portfolio', 'DeFiance Capital Portfolio', 'Alameda Research Portfolio', 'Pantera Capital Portfolio', 'Harmony Ecosystem'], 'Platform': ['Avalanche Ecosystem', 'Polygon Ecosystem', 'Fantom Ecosystem', 'Arbitrum Ecosystem', 'Injective Ecosystem', 'BNB Chain']}"
livepeer,https://coinmarketcap.com/currencies/livepeer/price-estimates/,https://livepeer.org/,"https://explorer.livepeer.org/, https://etherscan.io/token/0x58b6a8a3302369daec383334672404ee733ab239, https://ethplorer.io/address/0x58b6a8a3302369daec383334672404ee733ab239, https://hubble.figment.network/livepeer/chains/mainnet",https://github.com/livepeer/wiki/blob/master/WHITEPAPER.md,"https://medium.com/livepeer-blog, https://forum.livepeer.org/, https://twitter.com/LivepeerOrg, https://reddit.com/r/livepeer",https://github.com/livepeer,https://t.me/livepeerorg,"{'Category': ['Coinfund Portfolio', 'DCG Portfolio', 'Pantera Capital Portfolio', 'Multicoin Capital Portfolio'], 'Industry': ['Web3']}"
ravencoin,https://coinmarketcap.com/currencies/ravencoin/price-estimates/,,"https://ravencoin.network/, https://rvn.tokenview.com/en/",https://ravencoin.org/whitepaper/,"https://bitcointalk.org/index.php?topic=3238497, https://medium.com/@ravencoin, https://twitter.com/ravencoin, https://reddit.com/r/Ravencoin",https://github.com/RavenProject/Ravencoin,"https://t.me/RavencoinDev, https://discordapp.com/invite/CqbfUZd","{'Algorithm': ['PoW'], 'Category': ['Platform'], 'Industry': ['Crowdfunding'], 'Others': ['Mineable'], 'Self-Reported Tags': ['Asset Management', 'Atomic Swaps', 'DeFi']}"
yearn-finance,https://coinmarketcap.com/currencies/yearn-finance/price-estimates/,https://yearn.finance/,"https://etherscan.io/token/0x0bc529c00c6401aef6d220be8c6ea1667f6ad93e, https://bscscan.com/token/0x88f1a5ae2a3bf98aeaf342d26b30a79438c9142e, https://hecoinfo.com/token/0xb4f019beac758abbee2f906033aaa2f0f6dacb35, https://ftmscan.com/token/0x29b0Da86e484E1C0029B56e817912d778aC0EC69, https://blockscout.com/xdai/mainnet/tokens/0xbf65bfcb5da067446CeE6A706ba3Fe2fB1a9fdFd/token-transfers",,"https://medium.com/iearn, https://twitter.com/iearnfinance",https://github.com/yearn/iearn-finance,"https://t.me/iearnfinance, https://t.me/yearnfinance","{'Category': ['DeFi', 'Yield Farming', 'Yield Aggregator', 'Yearn Partnerships', 'Three Arrows Capital Portfolio', 'Polychain Capital Portfolio', 'Governance', 'Blockchain Capital Portfolio', 'Framework Ventures Portfolio', 'Alameda Research Portfolio', 'ParaFi Capital'], 'Platform': ['Fantom Ecosystem', 'Arbitrum Ecosystem', 'BNB Chain']}"
revain,https://coinmarketcap.com/currencies/revain/price-estimates/,,"https://etherscan.io/token/0x2ef52Ed7De8c5ce03a4eF0efbe9B7450F2D7Edc9, https://ethplorer.io/address/0x2ef52Ed7De8c5ce03a4eF0efbe9B7450F2D7Edc9, https://tronscan.org/#/token20/TD4bVgcwj3FRbmAo283HxNvqZvY7T3uD8k",http://revain.org/pdf/wp/en-wp.pdf,"https://bitcointalk.org/index.php?topic=2064640.0, https://medium.com/revain, https://twitter.com/revain_org, https://reddit.com/r/revain_org",https://github.com/Revain,https://t.me/joinchat/CzZcC0PCgpJcbBCb3JfNeQ,"{'Category': ['Platform', 'Reputation', 'Smart Contracts'], 'Self-Reported Tags': ['Ethereum Ecosystem', 'United Kingdom', 'United Arab Emirates', 'TRON Ecosystem']}"
zilliqa,https://coinmarketcap.com/currencies/zilliqa/price-estimates/,https://www.zilliqa.com/,"https://viewblock.io/zilliqa, https://bscscan.com/token/0xb86abcb37c3a4b64f74f59301aff131a1becc787",https://docs.zilliqa.com/whitepaper.pdf,"https://blog.zilliqa.com/, https://twitter.com/zilliqa, https://reddit.com/r/zilliqa",https://github.com/Zilliqa/Zilliqa,https://t.me/zilliqachat,"{'Category': ['Platform', 'Smart Contracts', 'Polychain Capital Portfolio', 'Kenetic Capital Portfolio'], 'Industry': ['Payments'], 'Others': ['Mineable'], 'Platform': ['Zilliqa Ecosystem', 'BNB Chain'], 'Self-Reported Tags': ['Collectibles &amp; NFTs', 'Sharding']}"
horizen,https://coinmarketcap.com/currencies/horizen/price-estimates/,,"https://explorer.horizen.io/, https://zen.tokenview.com/, https://explorer.zen-solutions.io/, https://explorer.ultimatenodes.io/, https://explorer-china.horizen.io/",https://www.horizen.io/research/,"https://www.horizen.io/news/, https://bitcointalk.org/index.php?topic=2047435.0, https://bitcointalk.org/index.php?topic=2047435.0, https://twitter.com/horizenglobal, https://reddit.com/r/Horizen",https://github.com/HorizenOfficial,"https://horizen.io/invite/telegram, https://horizen.io/invite/discord","{'Algorithm': ['PoW'], 'Category': ['Privacy', 'Masternodes', 'Sidechain', 'DCG Portfolio'], 'Industry': ['Medium of Exchange', 'Enterprise Solutions', 'Content Creation'], 'Others': ['Mineable'], 'Self-Reported Tags': ['DPoS', 'PoS', 'Equihash', 'Education', 'Platform', 'Services', 'Store Of Value', 'Zero Knowledge Proofs', 'Payments', 'Scaling', 'Smart Contracts', 'Staking', 'DAO', 'Horizen', 'Hedera Hashgraph Ecosystem']}"
secret,https://coinmarketcap.com/currencies/secret/price-estimates/,https://scrt.network/,https://secretnodes.com/secret/chains/secret-4/contracts/secret1k0jntykt7e4g3y88ltc60czgjuqdy4c9e8fzek,https://docs.scrt.network/,"https://forum.scrt.network/, https://scrt.network/blog, https://twitter.com/secretnetwork, https://reddit.com/r/secretnetwork",https://github.com/enigmampc/SecretNetwork,"https://chat.scrt.network/, https://t.me/scrtcommunity","{'Category': ['DeFi', 'Privacy'], 'Industry': ['Cosmos Ecosystem'], 'Self-Reported Tags': ['Collectibles &amp; NFTs', 'Smart Contracts', 'Cosmos']}"
trueusd,https://coinmarketcap.com/currencies/trueusd/price-estimates/,https://www.trueusd.com/,"https://etherscan.io/token/0x0000000000085d4780B73119b644AE5ecd22b376, https://explorer.binance.org/asset/TUSDB-888, https://blockchair.com/ethereum/erc-20/token/0x0000000000085d4780b73119b644ae5ecd22b376, https://tronscan.org/#/token20/TUpMhErZL2fhh4sVNULAbNKLokS4GjC1F4, https://snowtrace.io/token/0x1c20e891bab6b1727d14da358fae2984ed9b59eb",,"https://trueusd.medium.com/, https://twitter.com/tusd_official",https://github.com/trusttoken/smart-contracts,"https://t.me/TUSDofficial_EN, https://t.me/TUSDofficial_CN","{'Category': ['Store Of Value', 'Stablecoin', 'Asset-Backed Stablecoin', 'USD Stablecoin'], 'Platform': ['Avalanche Ecosystem', 'Arbitrum Ecosystem', 'BNB Chain']}"
xinfin,https://coinmarketcap.com/currencies/xinfin/price-estimates/,,"https://explorer.xinfin.network/, https://xdc.blocksscan.io/, https://observer.xdc.org/, https://www.xinfinscan.com/, https://xdc.network/",https://xinfin.org/docs/whitepaper-tech.pdf,"https://bitcointalk.org/index.php?topic=1989818.0, https://medium.com/xinfin/, https://twitter.com/XinFin_Official, https://reddit.com/r/xinfin",https://github.com/xinfinorg,"https://t.me/xinfintalk, https://t.me/xinfintech","{'Self-Reported Tags': ['DPoS', 'PoS', 'DeFi', 'Masternodes', 'Smart Contracts']}"
bitcoin-gold,https://coinmarketcap.com/currencies/bitcoin-gold/price-estimates/,https://bitcoingold.org/,"https://explorer.bitcoingold.org/insight/, https://btg.tokenview.com/, https://btgexplorer.com/",https://github.com/BTCGPU/BTCGPU/wiki/Technical-Spec,"https://bitcointalk.org/index.php?topic=2284289.0, https://forum.bitcoingold.org/, https://twitter.com/bitcoingold, https://reddit.com/r/BitcoinGoldHQ",https://github.com/BTCGPU/BTCGPU,"https://t.me/BitcoinGoldHQ, https://discord.gg/HmVUU6S","['Mineable', 'Medium of Exchange', 'Payments']"
synthetix-network-token,https://coinmarketcap.com/currencies/synthetix-network-token/price-estimates/,https://www.synthetix.io/,"https://etherscan.io/token/0xc011a73ee8576fb46f5e1c5751ca3b9fe0af2a6f, https://bscscan.com/token/0x9ac983826058b8a9c7aa1c9171441191232e8404, https://solscan.io/token/8cTNUtcV2ueC3royJ642uRnvTxorJAWLZc58gxAo7y56, https://hecoinfo.com/token/0x777850281719d5a96c29812ab72f822e0e09f3da, https://ftmscan.com/token/0x56ee926bD8c72B2d5fa1aF4d9E4Cbb515a1E3Adc",https://docs.synthetix.io/,"https://research.synthetix.io/, https://twitter.com/synthetix_io, https://reddit.com/r/synthetix_io",,https://discord.gg/AEdUHzt,"{'Category': ['Decentralized Exchange', 'DeFi', 'Derivatives', 'DAO', 'Yield Farming', 'Coinbase Ventures Portfolio', 'Three Arrows Capital Portfolio', 'Governance', 'DeFiance Capital Portfolio', 'Framework Ventures Portfolio', 'Alameda Research Portfolio', 'ParaFi Capital', 'Paradigm Portfolio', 'Spartan Group'], 'Industry': ['Services'], 'Platform': ['Synthetics', 'Fantom Ecosystem', 'BNB Chain']}"
